Specie,Supply_Type,Total_MORFO_Supply_Kg
Achyrocline satureioides,supplier_top,22
Acnistus arborescens,supplier_2ry,0
Acnistus arborescens,supplier_top,8.333
Acrocomia aculeata,pilot_top,6173.867
Acrocomia aculeata,supplier_top,77.667
Adenanthera pavonina,supplier_2ry,3.337
Adenanthera pavonina,supplier_top,22.1
Aegiphila integrifolia,supplier_2ry,3.666
Aegiphila integrifolia,supplier_top,10
Aegiphila sellowiana,supplier_2ry,0.3
Aegiphila verticillata,supplier_top,0
Agonandra brasiliensis,pilot_top,5.333
Albizia inundata,pilot_top,266.717
Albizia inundata,supplier_2ry,10
Albizia niopoides,supplier_2ry,1.667
Albizia niopoides,supplier_top,6.667
Albizia polycephala,supplier_2ry,0
Alchornea triplinervia,supplier_top,2.333
Aldama bracteata,supplier_top,1.667
Alibertia edulis,supplier_top,4.833
Alibertia sessilis,pilot_top,62
Allagoptera caudecens,supplier_2ry,3.333
Aloysia virgata,supplier_top,0.667
Amburana acreana,supplier_top,10
Amburana cearensis,pilot_top,1.45
Amburana cearensis,supplier_top,10.833
Anacardium giganteum,pilot_top,870
Anacardium humile,pilot_top,234.149
Anacardium humile,supplier_2ry,0.003
Anacardium humile,supplier_top,73.334
Anacardium microcarpum,supplier_2ry,13.333
Anacardium nanum,supplier_top,90.89
Anacardium occidentale,pilot_top,298.849
Anacardium occidentale,supplier_2ry,168.673
Anacardium occidentale,supplier_top,995.395
Anacardium spruceanum,supplier_2ry,0.003
Anadenanthera colubrina,pilot_top,242
Anadenanthera colubrina,supplier_2ry,11.003
Anadenanthera colubrina,supplier_top,168.807
Anadenanthera colubrina var. cebil,supplier_2ry,10.006
Anadenanthera colubrina var. cebil,supplier_top,111.64
Anadenanthera peregrina,pilot_top,3.333
Anadenanthera peregrina,supplier_top,54.7
Anadenanthera peregrina var. falcata,supplier_2ry,2
Anadenanthera sp.,supplier_2ry,5
Andira anthelmia,pilot_top,687.333
Andira anthelmia,supplier_2ry,1.667
Andira cujabensis,pilot_top,206.628
Andira cujabensis,supplier_top,99.333
Andira fraxinifolia,supplier_2ry,0.003
Andira fraxinifolia,supplier_top,139.334
Andira inermis,pilot_top,4.017
Andira legalis,supplier_2ry,0
Andira sp.,supplier_2ry,166.667
Andira sp.,supplier_top,133.833
Andira surinamensis,supplier_2ry,133.333
Andira vermifuga,supplier_2ry,100.003
Andira vermifuga,supplier_top,292.086
Andropogon bicornis,supplier_top,17.667
Andropogon fastigiatus,supplier_top,197.667
Andropogon leucostachyus,supplier_top,2.667
Anemopaegma cf. arvense,supplier_2ry,0.003
Anemopaegma cf. arvense,supplier_top,0.666
Aniba canelilla,supplier_2ry,0.003
Annona Squamosa,pilot_top,0.667
Annona Squamosa,supplier_2ry,0.003
Annona Squamosa,supplier_2ry,0.033
Annona cacans,pilot_top,0.467
Annona cf. cacans,supplier_top,1.667
Annona coriacea,pilot_top,1.266
Annona coriacea,supplier_top,0.833
Annona crassiflora,pilot_top,0.543
Annona crassiflora,supplier_2ry,16.667
Annona crassiflora,supplier_top,0
Annona mucosa,pilot_top,27.117
Annona muricata,pilot_top,20.333
Annona muricata,supplier_2ry,3.333
Annona muricata,supplier_top,1.333
Annona sp.,supplier_2ry,0.003
Annona sp.,supplier_top,0.333
Annona squamosa,supplier_top,23
Annona sylvatica,supplier_top,1
Apeiba tibourbou,pilot_top,707.17
Apeiba tibourbou,supplier_2ry,108
Apeiba tibourbou,supplier_top,250.6
Apuleia leiocarpa,pilot_top,10
Apuleia leiocarpa,supplier_2ry,23.333
Apuleia leiocarpa,supplier_top,62.734
Arapatiella psilophylla,supplier_2ry,0
Aristida gibbosa,supplier_top,294.167
Aristida longifolia,supplier_top,215.5
Aristida riparia,supplier_top,202.167
Aspidorma sp.,pilot_top,3.333
Aspidosperma Spruceanum,supplier_2ry,0.003
Aspidosperma brasiliense,pilot_top,0.333
Aspidosperma discolor,supplier_top,6.667
Aspidosperma macrocarpon,pilot_top,0.333
Aspidosperma macrocarpon,supplier_2ry,1.336
Aspidosperma macrocarpon,supplier_top,1
Aspidosperma multiflorum,pilot_top,0.333
Aspidosperma parvifolium,supplier_2ry,6.667
Aspidosperma sp.,supplier_2ry,33.333
Aspidosperma spruceanum,supplier_top,5
Aspidosperma subincanum,pilot_top,6
Aspidosperma subincanum,supplier_top,5
Aspidosperma tomentosum,pilot_top,6.183
Aspidosperma tomentosum,supplier_top,0.333
Aspidosperma verbascifolium,pilot_top,0.333
Astrocaryum aculeatissimum,supplier_top,13.333
Astrocaryum aculeatum,pilot_top,3.333
Astrocaryum aculeatum,supplier_top,48.917
Astrocaryum cf. campestre,supplier_2ry,0.003
Astrocaryum huaimi,supplier_top,28.233
Astronium fraxinifolium,pilot_top,3.233
Astronium fraxinifolium,supplier_2ry,13.003
Astronium fraxinifolium,supplier_top,308.3
Astronium graveolens,supplier_2ry,5
Astronium graveolens,supplier_top,8.333
Astronium lecointei,pilot_top,1.534
Astronium lecointei,supplier_2ry,0.003
Astronium lecointei,supplier_top,6.667
Astronium urundeuva,pilot_top,71.804
Astronium urundeuva,supplier_2ry,20.003
Astronium urundeuva,supplier_top,294.734
Attalea dubia,supplier_top,32
Attalea geraensis,supplier_2ry,0.003
Attalea maripa,pilot_top,67184.534
Attalea maripa,supplier_top,186
Attalea phalerata,supplier_2ry,0.003
Attalea phalerata,supplier_top,230
Attalea speciosa,pilot_top,199.562
Axonopus aureus,supplier_top,36.333
Axonopus siccus,supplier_top,44
Baccharis dracunculifolia,supplier_2ry,2.5
Bactris gasipaes,pilot_top,5.333
Bactris setosa,pilot_top,19082
Bagassa guianensis,pilot_top,1.667
Balfourodendron riedelianum,supplier_2ry,2
Bauhinia cheilantha,supplier_top,30
Bauhinia cupulata,pilot_top,0.333
Bauhinia forficata,supplier_2ry,0.003
Bauhinia forficata,supplier_top,36
Bauhinia longicuspis,pilot_top,0.04
Bauhinia longifolia,supplier_top,0.2
Bauhinia rufa,supplier_top,9.72
Bauhinia sp.,supplier_top,0
Bauhinia ungulata,supplier_top,15.5
Bauhinia variegata,supplier_2ry,6.667
Bauhinia variegata var. candida,supplier_2ry,27.667
Bellucia grossularioides,supplier_2ry,83.333
Bellucia sp.,pilot_top,0.027
Bertholletia excelsa,pilot_top,8
Bertholletia excelsa,supplier_2ry,666.667
Bertholletia excelsa,supplier_top,0
Bixa arborea,pilot_top,5.333
Bixa arborea,supplier_top,31
Bixa orellana,pilot_top,23222.779
Bixa orellana,supplier_2ry,125.439
Bixa orellana,supplier_top,598.553
Bowdichia virgilioides,pilot_top,1858
Bowdichia virgilioides,supplier_2ry,41.673
Bowdichia virgilioides,supplier_top,26.333
Brosimum gaudichaudii,pilot_top,68.528
Brosimum potabile,supplier_2ry,80
Buchenavia grandis,supplier_2ry,0.003
Buchenavia grandis,supplier_top,239.569
Buchenavia sp.,supplier_2ry,150
Buchenavia sp.,supplier_top,59.5
Buchenavia tetraphylla,supplier_top,42
Burdachia prismatocarpa,supplier_2ry,33.333
Butia capitata,supplier_top,16.667
Byrsonima aerugo,supplier_2ry,116.667
Byrsonima arthropoda,supplier_top,0
Byrsonima basiloba,supplier_top,0
Byrsonima coccolobifolia,pilot_top,0.333
Byrsonima coccolobifolia,supplier_top,0
Byrsonima crassifolia,pilot_top,450.78
Byrsonima crassifolia,supplier_2ry,66.666
Byrsonima crispa,supplier_2ry,7.006
Byrsonima crispa,supplier_top,0
Byrsonima cydoniifolia,supplier_top,122.443
Byrsonima intermedia,supplier_top,12.478
Byrsonima pachyphylla,pilot_top,0.333
Byrsonima pachyphylla,supplier_top,1.667
Byrsonima riparia,supplier_top,0
Byrsonima sericea,supplier_2ry,0.667
Byrsonima sp.,pilot_top,4.665
Byrsonima sp.,supplier_2ry,233.333
Byrsonima sp.,supplier_top,19.036
Byrsonima verbascifolia,supplier_top,2
Cabralea oblongifoliola,supplier_2ry,0
Caesalpinia echinata,supplier_2ry,1.67
Caesalpinia ferrea,supplier_2ry,0.033
Caesalpinia ferrea,supplier_top,10
Caesalpinia leiostachya,pilot_top,0.533
Cajanus cajan,pilot_top,3.333
Cajanus cajan,supplier_2ry,235.903
Cajanus cajan,supplier_top,2372.001
Callistemon viminalis,supplier_2ry,0.666
Callisthene fasciculata,pilot_top,0.333
Calophyllum brasiliense,supplier_2ry,20
Calophyllum brasiliense,supplier_top,6
Campomanesia xanthocarpa,supplier_2ry,0
Canavalia ensiformis,pilot_top,3.333
Canavalia ensiformis,supplier_2ry,50.003
Canavalia ensiformis,supplier_top,7845.333
Canavalia gladiata,supplier_2ry,1.333
Carapa guianensis,pilot_top,338.6
Carapa procera,supplier_2ry,333.333
Carica papaya,supplier_2ry,0.003
Carica papaya,supplier_top,4.185
Cariniana estrellensis,supplier_2ry,7
Cariniana estrellensis,supplier_top,3.8
Cariniana legalis,pilot_top,0.037
Cariniana legalis,supplier_2ry,0.667
Cariniana rubra,supplier_2ry,3.333
Cariniana rubra,supplier_top,0.333
Cariniana sp.,supplier_top,0.667
Carpentaria acuminata,supplier_2ry,0.833
Caryocar brasiliense,pilot_top,8757
Caryocar brasiliense,supplier_2ry,0.339
Caryocar brasiliense,supplier_top,337.167
Caryocar brasilliense,pilot_top,60.837
Caryocar coriaceum,supplier_2ry,200
Caryocar glabrum,supplier_2ry,66.667
Caryocar sp.,pilot_top,3.333
Caryocar villosum,supplier_2ry,166.667
Cassia fastuosa,pilot_top,0.167
Cassia fastuosa,supplier_top,5
Cassia ferruginea,supplier_2ry,0.333
Cassia ferruginea,supplier_top,0.333
Cassia grandis,supplier_2ry,0
Cassia leiandra,supplier_top,7.5
Cassia leptophylla,supplier_2ry,0.667
Cassia sp.,supplier_2ry,33.333
Cassia spruceana,supplier_2ry,66.667
Cecropia distachya,pilot_top,0.066
Cecropia glaziovii,supplier_top,2.667
Cecropia hololeuca,supplier_2ry,3.333
Cecropia hololeuca,supplier_top,3.333
Cecropia obtusa,pilot_top,0.033
Cecropia pachystachya,pilot_top,0.333
Cecropia pachystachya,supplier_2ry,87.333
Cecropia pachystachya,supplier_top,58.5
Cecropia sp.,pilot_top,20881.2
Cecropia sp.,supplier_2ry,16.67
Cedrela fissilis,pilot_top,974.567
Cedrela fissilis,supplier_2ry,5.334
Cedrela fissilis,supplier_top,23.1
Cedrela odorata,supplier_2ry,3.333
Ceiba pentandra,pilot_top,3.401
Ceiba pentandra,supplier_2ry,0.003
Ceiba pentandra,supplier_top,13.433
Ceiba speciosa,supplier_2ry,0.67
Ceiba speciosa,supplier_top,111.304
Cenostigma pyramidale,pilot_top,2.895
Cenostigma tocantinum,pilot_top,31.333
Cenostigma tocantinum,supplier_2ry,0.003
Centrolobium microchaete,supplier_top,0.333
Centrolobium robustum,supplier_2ry,0
Centrolobium tomentosum,supplier_2ry,29.334
Centrolobium tomentosum,supplier_top,50
Cereus jamacaru,pilot_top,183.333
Chaetocarpus echinocarpus,supplier_top,0
Chamaecrista aspleniifolia,supplier_2ry,0.003
Chamaecrista orbiculata,supplier_top,0
Chloroleucon acacioides,pilot_top,0.333
Chloroleucon acacioides,supplier_top,12.4
Chloroleucon mangense,pilot_top,3.333
Chloroleucon mangense,supplier_top,37.333
Chromolaena maximiliani,supplier_top,57.333
Chrysophyllum cuneifolium,pilot_top,3.333
Citharexylum myrianthum,supplier_2ry,12.503
Citharexylum myrianthum,supplier_top,2.667
Citharexylum poeppigii,pilot_top,1.667
Citrus limonia,supplier_top,1.667
Clitoria fairchildiana,pilot_top,0.04
Clitoria fairchildiana,supplier_2ry,20
Clitoria fairchildiana,supplier_top,0.003
Coccoloba mollis,pilot_top,0.333
Cochlospermum orinocense,supplier_top,12.067
Colubrina glandulosa,supplier_top,16.5
Combretum duarteanum,supplier_top,173.333
Combretum leprosum,pilot_top,2.017
Combretum leprosum,supplier_top,6.667
Combretum sp.,supplier_2ry,0.003
Commiphora sp.,supplier_2ry,33.333
Connarus suberosus,pilot_top,0.333
Connarus suberosus,supplier_2ry,0.003
Copaifera langsdorffii,pilot_top,539.067
Copaifera langsdorffii,supplier_2ry,27.003
Copaifera langsdorffii,supplier_top,563.299
Copaifera martii,supplier_top,34.667
Copaifera multijuga,pilot_top,18.333
Copaifera sp,supplier_2ry,10.003
Copernicia prunifera,pilot_top,33.352
Cordia alliodora,pilot_top,0.04
Cordia alliodora,supplier_top,6.333
Cordia goeldiana,supplier_top,5
Cordia sellowiana,supplier_top,5
Cordia superba,supplier_2ry,1.667
Cordia trichotoma,supplier_2ry,10
Cordia trichotoma,supplier_top,1.667
Cordiera elliptica,pilot_top,0.333
Cordiera humilis,supplier_top,2.333
Couepia grandiflora,pilot_top,100.333
Couepia grandiflora,supplier_top,1.667
Couma macrocarpa,supplier_2ry,20
Couma utilis,supplier_2ry,20
Couroupita guianensis,supplier_2ry,2.666
Coussarea hydrangeifolia,pilot_top,0.333
Crotalaria juncea,supplier_2ry,1.667
Crotalaria ochroleuca,supplier_2ry,3.333
Crotalaria ochroleuca,supplier_top,1
Crotalaria sp.,supplier_2ry,0.67
Crotalaria sp.,supplier_top,0
Crotalaria spectabilis,supplier_top,6683.334
Croton floribundus,supplier_2ry,0.833
Croton floribundus,supplier_top,11.667
Croton urucurana,pilot_top,1.333
Croton urucurana,supplier_2ry,0
Croton urucurana,supplier_top,1.667
Cucumis anguria,supplier_2ry,0.003
Cucumis anguria,supplier_top,3.277
Cucurbita moschata,supplier_top,4.333
Cucurbita pepo,supplier_top,5.003
Cucurbita sp.,supplier_2ry,0.67
Curatella americana,pilot_top,16.667
Curatella americana,supplier_top,68.667
Cybistax antisyphilitica,supplier_2ry,3.333
Cybistax antisyphilitica,supplier_top,15.5
Cytharexylum myrianthum,supplier_2ry,1
Cytharexylum myrianthum,supplier_top,20
Dalbergia inundata,supplier_2ry,33.333
Dalbergia miscolobium,pilot_top,0.666
Dalbergia miscolobium,supplier_top,50
Dalbergia nigra,supplier_2ry,7.67
Dalbergia spruceana,supplier_2ry,16.667
Dalbergia vilosium,pilot_top,5.067
Davilla elliptica,pilot_top,0.333
Davilla elliptica,supplier_top,0.667
Davilla sp,supplier_2ry,0.003
Delonix regia,supplier_2ry,3.167
Dialium guianense,pilot_top,3.333
Dialium guianense,supplier_2ry,200
Dialium guianense,supplier_top,40
Dictyoloma vandellianum,supplier_2ry,1.667
Didymopanax distractiflorus,pilot_top,0.333
Didymopanax macrocarpus,supplier_2ry,1.333
Didymopanax morototoni,supplier_top,0
Dilodendron bipinnatum,supplier_2ry,1.667
Dilodendron bipinnatum,supplier_top,2
Dimorphandra jorgei,supplier_2ry,0
Dimorphandra mollis,pilot_top,58.249
Dimorphandra mollis,supplier_2ry,0.003
Dimorphandra mollis,supplier_top,30.466
Dinizia excelsa,pilot_top,0.167
Dinizia excelsa,supplier_top,6.667
Dioclea violacea,supplier_2ry,0.003
Dioclea violacea,supplier_top,58
Diospyros hispidia,pilot_top,0.833
Diospyros lasiocalyx,pilot_top,0.333
Diospyros sericea,pilot_top,0.333
Diospyros sericea,supplier_top,3.333
Diplotropis martiusii,supplier_2ry,80
Dipteryx alata,pilot_top,696.48
Dipteryx alata,supplier_2ry,66.67
Dipteryx alata,supplier_top,809.333
Dipteryx odorata,pilot_top,125711.216
Dipteryx odorata,supplier_2ry,400
Dipteryx odorata,supplier_top,116.334
Duckesia verrucosa,supplier_2ry,66.667
Duckesia verrucosa,supplier_top,50
Duguetia Fufuracea,pilot_top,1.717
Duguetia furfuracea,supplier_top,0.333
Duguetia quitarensis,supplier_2ry,0.003
Duguetia sp.,supplier_2ry,100
Dulacia candida,pilot_top,0.333
Echinolaena inflexa,supplier_top,8
Emmotum nitens,pilot_top,89
Emmotum nitens,supplier_2ry,0.333
Emmotum nitens,supplier_top,358.334
Endopleura uchi,pilot_top,359.19
Endopleura uchi,supplier_2ry,333.336
Endopleura uchi,supplier_top,160
Enterolobium contortisiliquum,pilot_top,2533.43
Enterolobium contortisiliquum,supplier_2ry,16.669
Enterolobium contortisiliquum,supplier_top,495.999
Enterolobium gummiferum,supplier_2ry,0.003
Enterolobium gummiferum,supplier_top,24
Enterolobium maximum,pilot_top,0.56
Enterolobium maximum,supplier_top,0
Enterolobium schomburgkii,pilot_top,10.043
Enterolobium schomburgkii,supplier_2ry,30
Enterolobium schomburgkii,supplier_top,73
Enterolobium timbouva,supplier_2ry,13.336
Enterolobium timbouva,supplier_top,462.514
Eremanthus glomerulatus,supplier_top,20.667
Eremanthus uniflorus,supplier_top,37.667
Eriotheca gracilipes,pilot_top,1
Eriotheca gracilipes,supplier_top,18
Erythrina dominguezii,supplier_top,2
Erythrina falcata,supplier_top,0
Erythrina sp.,pilot_top,3.333
Erythrina speciosa,supplier_top,13.333
Erythrina velutina,supplier_top,5
Erythroxylum daphnites,pilot_top,0.333
Erythroxylum suberosum,pilot_top,0.333
Eschweifera sp.,supplier_2ry,3.333
Eschweilara nana,supplier_2ry,0.003
Eschweilera ovata,pilot_top,3.333
Eschweilera ovata,supplier_2ry,0
Eucalyptus camaldulensis,supplier_2ry,1.333
Eugenia dysenterica,pilot_top,3.815
Eugenia dysenterica,supplier_2ry,4.003
Eugenia dysenterica,supplier_top,6
Eugenia pantanalensis,pilot_top,0.333
Eugenia pyriformis,supplier_2ry,1
Eugenia uniflora,supplier_2ry,17.667
Euphorbia heterophylla,supplier_2ry,1.333
Euplassa inaequalis,pilot_top,0.666
Euterpe edulis,pilot_top,19934.667
Euterpe edulis,supplier_2ry,47.003
Euterpe edulis,supplier_top,6.667
Euterpe oleracea,pilot_top,10259.816
Euterpe oleracea,supplier_2ry,163.333
Euterpe oleracea,supplier_top,3.333
Ficus adhatodifolia,supplier_2ry,0.003
Ficus adhatodifolia,supplier_top,0.167
Ficus glabra,supplier_2ry,12
Ficus gomelleira,supplier_2ry,1.667
Ficus guaranitica,supplier_2ry,3.333
Ficus insipida,pilot_top,0.027
Ficus sp.,pilot_top,3.333
Fridericia platyphylla,supplier_top,5.167
Gallesia integrifolia,supplier_top,6.834
Garcinia brasiliensis,supplier_2ry,3.333
Garcinia gardneriana,pilot_top,8.317
Garcinia gardneriana,supplier_2ry,0.003
Garcinia gardneriana,supplier_top,1.333
Garcinia sp.,pilot_top,3.333
Garcinia sp.,supplier_2ry,20
Geissospermum sericeum,supplier_2ry,53.333
Genipa americana,pilot_top,83.677
Genipa americana,supplier_2ry,18.669
Genipa americana,supplier_top,52.333
Gochnatia polymorpha,supplier_top,3.333
Guapira graciliflora,pilot_top,0.333
Guapira noxia,pilot_top,0.333
Guarea guidonia,pilot_top,3.333
Guatteria discolor,supplier_top,2
Guazuma ulmifolia,pilot_top,0.333
Guazuma ulmifolia,supplier_2ry,57.671
Guazuma ulmifolia,supplier_top,122.867
Guettarda pohliana,supplier_2ry,0.003
Guettarda viburnioides,pilot_top,0.333
Guettarda viburnoides,pilot_top,2.25
Gustavia Augusta,supplier_2ry,0.003
Hancornia speciosa,pilot_top,0.333
Hancornia speciosa,supplier_top,1
Handroanthus albus,pilot_top,0.633
Handroanthus chrysotrichus,supplier_2ry,3.667
Handroanthus chrysotrichus,supplier_top,10.667
Handroanthus heptaphyllus,pilot_top,27.535
Handroanthus heptaphyllus,supplier_2ry,1.333
Handroanthus heptaphyllus,supplier_top,12.333
Handroanthus impetiginosus,pilot_top,90.233
Handroanthus impetiginosus,supplier_2ry,22.067
Handroanthus impetiginosus,supplier_top,184.334
Handroanthus ochraceus,pilot_top,0.333
Handroanthus ochraceus,supplier_top,18.5
Handroanthus serratifolius,pilot_top,0.623
Handroanthus serratifolius,supplier_2ry,16.67
Handroanthus serratifolius,supplier_top,112.966
Handroanthus sp.,pilot_top,1445
Handroanthus vellosoi,supplier_2ry,0.167
Heisteria ovata,supplier_2ry,266.667
Helianthus annuus,supplier_2ry,0
Heliocarpus popayanensis,supplier_2ry,5.333
Heliocarpus popayanensis,supplier_top,0.834
Heteropterys byrsonimifolia,pilot_top,0.333
Hevea brasiliensis,supplier_2ry,3.333
Himatanthus articulatus,pilot_top,0.333
Himatanthus bracteatus,supplier_2ry,0
Himatanthus obovatus,supplier_top,1.167
Himatanthus sucuuba,supplier_top,13.333
Himenolobium petraeum,pilot_top,3.333
Hirtella glandulosa,pilot_top,0.667
Hydrochorea corymbosa,supplier_2ry,66.667
Hyeronima alchorneoides,supplier_top,4
Hymenaea courbaril,pilot_top,10524.52
Hymenaea courbaril,supplier_2ry,353.34
Hymenaea courbaril,supplier_top,3370.866
Hymenaea intermedia,supplier_2ry,0.003
Hymenaea intermedia,supplier_top,100
Hymenaea oblongifolia,supplier_top,353.333
Hymenaea parvifolia,pilot_top,13.857
Hymenaea parvifolia,supplier_2ry,10
Hymenaea sp.,supplier_2ry,0.003
Hymenaea stigonocarpa,pilot_top,7
Hymenaea stigonocarpa,supplier_2ry,10.003
Hymenaea stigonocarpa,supplier_top,834.634
Hymenolobium petraeum,supplier_2ry,26.667
Hymenolobium pulcherrimum,supplier_2ry,50
Hyparrhenia bracteata,supplier_top,43.667
Inconnu,supplier_2ry,0.015
Inga edulis,pilot_top,17.367
Inga edulis,supplier_2ry,0
Inga laurina,supplier_2ry,66.667
Inga paraensis,pilot_top,7.2
Inga sp.,pilot_top,3.55
Inga sp.,supplier_2ry,3.333
Iochroma arborescens,supplier_2ry,0
Jacaranda brasiliana,supplier_2ry,0.003
Jacaranda brasiliana,supplier_top,71.627
Jacaranda copaia,supplier_top,0
Jacaranda cuspidifolia,pilot_top,0.333
Jacaranda cuspidifolia,supplier_top,0
Jacaranda micrantha,supplier_2ry,0.667
Jacaranda micrantha,supplier_top,0.667
Jacaranda mimosifolia,supplier_2ry,23.333
Jacaranda ulei,supplier_top,0
Jacaratia spinosa,pilot_top,903.333
Jacaratia spinosa,supplier_top,0.5
Joannesia princeps,supplier_2ry,106.667
Joannesia princeps,supplier_top,5
Khaya ivorensis,pilot_top,3.333
Khaya sp.,pilot_top,1.333
Kielmeyera coriacea,pilot_top,8
Kielmeyera coriacea,supplier_top,51.667
Kielmeyera sp,supplier_2ry,0.003
Kielmeyera speciosa,pilot_top,0.333
LAGERSTROEMIA SPECIOSA,supplier_2ry,6.667
Lacmellea arborescens,supplier_2ry,16.667
Lafoensia glyptocarpa,supplier_2ry,0.667
Lafoensia glyptocarpa,supplier_top,7.334
Lafoensia pacari,pilot_top,0.333
Lafoensia pacari,supplier_2ry,0.667
Lafoensia pacari,supplier_top,22.13
Lagenaria siceraria,supplier_top,0.333
Lagenaria sp.,supplier_2ry,0.667
Lagenocarpus rigidus,supplier_top,12.667
Laofensia pacari,pilot_top,47.333
Lecythis lurida,supplier_2ry,0.003
Lecythis pisonis,pilot_top,2565.901
Lecythis pisonis,supplier_2ry,136.666
Leopoldinia pulchra,supplier_2ry,66.667
Lepidaploa aurea,supplier_top,165
Leptobalanus sclerophyllus,pilot_top,0.333
Leptolobium dasycarpum,pilot_top,0.333
Leptolobium dasycarpum,supplier_top,24
Leptolobium nitens,supplier_top,6.333
Leucochloron incuriale,supplier_2ry,0.667
Libidibia ferrea,pilot_top,12.001
Licania tomentosa,pilot_top,0.55
Lithraea molleoides,supplier_2ry,2.667
Lithraea molleoides,supplier_top,0
Lonchocarpus cultratus,supplier_top,1.667
Lophanthera lactescens,pilot_top,0.267
Loudetiopsis chrysothrix,supplier_top,98.667
Luehea divaricata,pilot_top,1.25
Luehea divaricata,supplier_top,48
Luehea grandiflora,supplier_2ry,0.133
Luehea paniculata,pilot_top,0.666
Luetzelburgia praecox,pilot_top,0.333
Mabea angustifolia,supplier_top,0.167
Mabea fistulifera,supplier_2ry,6.667
Mabea fistulifera,supplier_top,380.313
Mabea pohliana,supplier_2ry,1.667
Mabea sp.,supplier_2ry,16.667
Machaerium acutifolium,pilot_top,0.333
Machaerium acutifolium,supplier_2ry,0.003
Machaerium hirtum,pilot_top,0.333
Machaerium hirtum,supplier_2ry,2
Machaerium hirtum,supplier_top,3.167
Machaerium nyctitans,supplier_top,1.067
Machaerium opacum,supplier_top,339.333
Machaerium villosum,supplier_2ry,10.333
Maclura tinctoria,pilot_top,1.133
Maclura tinctoria,supplier_2ry,0
Maclura tinctoria,supplier_top,39.317
Macrolobium sp.,supplier_2ry,16.667
Magonia pubescens,pilot_top,193.983
Magonia pubescens,supplier_2ry,8.336
Magonia pubescens,supplier_top,208.533
Malpighia emarginata,supplier_2ry,0.666
Malpighia punicifolia,pilot_top,3.333
Manihot brachyloba,pilot_top,0.203
Manihot glaziovii,pilot_top,2.533
Manilkara huberi,pilot_top,42.333
Manilkara huberi,supplier_2ry,0.003
Maquira sp.,supplier_2ry,133.334
Margaritaria nobilis,pilot_top,1251.667
Margaritaria nobilis,supplier_2ry,6.673
Marlimorimia contorta,supplier_top,16.667
Matayba guianensis,pilot_top,0.333
Mauratia flexuosa,pilot_top,19093.333
Mauriita flexuosa,pilot_top,94.357
Mauritia flexuosa,pilot_top,617.423
Mauritia flexuosa,supplier_2ry,250.003
Mauritia flexuosa,supplier_top,1173.333
Mauritiella armata,pilot_top,2566.667
Mauritiella armata,supplier_2ry,0.003
Mauritiella armata,supplier_top,143
Maximiliana maripa,pilot_top,147353.333
Mezilaurus crassiramea,pilot_top,0.333
Mezilaurus itauba,pilot_top,3.5
Mezilaurus itauba,supplier_2ry,53.333
Mezilaurus itauba,supplier_top,10
Miconia affinis,pilot_top,0.05
Miconia cinnamomifolia,supplier_top,0.333
Mimosa bimucronata,supplier_2ry,4
Mimosa bimucronata,supplier_top,11.667
Mimosa caesalpiniaefolia,supplier_2ry,1.667
Mimosa claussenii,supplier_top,15.167
Mimosa laticifera,pilot_top,0.333
Mimosa ophthalmocentra,pilot_top,1.205
Moquilea tomentosa,pilot_top,60.605
Moquiniastrum polymorphum,supplier_2ry,0.133
Moquiniastrum polymorphum,supplier_top,2.167
Moringa oleifera,supplier_2ry,3.667
Moringa oleifera,supplier_top,17.5
Mouriri guianensis,pilot_top,100
Mouriri sp.,supplier_2ry,0.003
Mucuna urens,supplier_top,66.667
Murici de lan√ßa,pilot_top,0.666
Murici grande peludo,pilot_top,0.333
Murraya paniculata,supplier_2ry,1.667
Myrcia camapuanensis,pilot_top,0.333
Myrcia splendens,pilot_top,1.333
Myrcia tomentosa,pilot_top,0.333
Myroxylon peruiferum,supplier_2ry,10
Myrsine coreacea,supplier_2ry,6.667
Myrsine coriacea,supplier_2ry,0.333
Myrsine coriacea,supplier_top,13.333
NI,pilot_top,3.333
Nectandra megapotamica,supplier_2ry,0
Ochroma pyramidale,pilot_top,3.333
Ocotea odorifera,supplier_2ry,0
Oenocarpus bacaba,pilot_top,16023.95
Oenocarpus bacaba,supplier_2ry,433.333
Oenocarpus bataua,supplier_2ry,133.333
Oenocarpus distichus,supplier_2ry,0.003
Oenocarpus distichus,supplier_top,60
Ormosia arborea,supplier_2ry,9.667
Ormosia arborea,supplier_top,155
Ormosia discolor,supplier_2ry,50
Ormosia excelsa,supplier_2ry,33.336
Ormosia excelsa,supplier_top,56.333
Ormosia flava,pilot_top,6.667
Ormosia flava,supplier_2ry,0.003
Ormosia grossa,supplier_top,98.753
Ormosia paraensis,supplier_2ry,16.67
Ormosia paraensis,supplier_top,100.367
Ormosia sp.,pilot_top,2
Ormosia sp.,supplier_2ry,66.669
Ouratea hexasperma,pilot_top,0.333
Ouratea spectabilis,pilot_top,0.333
PELTOGYNE ANGUSTIFLORA,supplier_2ry,0.667
Pachira aquatica,supplier_2ry,3.333
Pachira nitida,supplier_top,2.667
Paepalanthus chiquitensis,supplier_top,28.333
Paepalanthus niger,supplier_top,10.667
Parapiptadenia rigida,supplier_2ry,0
Paratecoma peroba,supplier_2ry,0
Parinari excelsa,supplier_top,23.333
Parkia discolor,supplier_2ry,33.333
Parkia multijuga,pilot_top,2
Parkia multijuga,supplier_2ry,150.003
Parkia multijuga,supplier_top,366.667
Parkia nitida,pilot_top,0.333
Parkia pendula,pilot_top,5.667
Parkia pendula,supplier_2ry,55
Parkia pendula,supplier_top,37.867
Parkia platycephala,supplier_top,20
Parkia ulei,supplier_2ry,73.333
Paspalum notatum,supplier_2ry,23.333
Paspalum stellatum,supplier_top,32.5
Passiflora alata curtis,supplier_2ry,0
Passiflora cincinnata,supplier_2ry,0.003
Passiflora cincinnata,supplier_top,31.667
Passiflora edulis,supplier_2ry,7.067
Passiflora edulis,supplier_top,1.833
Passiflora setacea,supplier_top,6.667
Pau santo peludo,pilot_top,0.333
Paubrasilia echinata,pilot_top,5000
Paubrasilia echinata,supplier_2ry,0
Paullinia cupana,pilot_top,3.157
Peltogyne confertiflora,pilot_top,3.999
Peltogyne confertiflora,supplier_top,52.667
Peltogyne purpurea,pilot_top,1563.333
Peltophorum dubium,pilot_top,1116.667
Peltophorum dubium,supplier_2ry,18.334
Peltophorum dubium,supplier_top,15
Pera coccinea,supplier_top,13.333
Peritassa campestris,supplier_top,3.333
Phenakospermum guyannense,supplier_2ry,0.003
Phenakospermum guyannense,supplier_top,13.333
Physocalymma scaberrimum,supplier_2ry,2
Physocalymma scaberrimum,supplier_top,11.833
Phytolacca dioica,supplier_top,3.333
Pilocarpus microphyllus,pilot_top,3.333
Pilosocereus polygonus,pilot_top,0.55
Piptadenia gonoacantha,supplier_2ry,0.667
Piptadenia gonoacantha,supplier_top,2.667
Pithecellobium diversifolium,pilot_top,12.885
Plathymenia reticulata,pilot_top,0.666
Plathymenia reticulata,supplier_2ry,0.003
Plathymenia reticulata,supplier_top,9.333
Platonia insignis,pilot_top,8231.837
Platypodium elegans,pilot_top,3
Platypodium elegans,supplier_2ry,53.334
Platypodium elegans,supplier_top,63
Plenckia populnea,pilot_top,0.333
Poecilanthe parviflora,supplier_2ry,3.333
Poeppigia procera,supplier_top,10
Poraqueiba sericea,supplier_2ry,33.333
Posoqueria acutifolia,supplier_2ry,0
Posoqueria acutifolia,supplier_top,0.5
Pouteria butyrocarpa,supplier_2ry,0.003
Pouteria macrophylla,pilot_top,53658.673
Pouteria macrophylla,supplier_2ry,16.667
Pouteria ramiflora,pilot_top,0.333
Pouteria venosa,supplier_2ry,3.666
Pradosia lactescens,supplier_2ry,0
Protium aracouchini,supplier_2ry,0
Protium heptaphyllum,pilot_top,19.333
Protium heptaphyllum,supplier_2ry,83.333
Protium heptaphyllum,supplier_top,0
Protium pallidum,supplier_2ry,66.667
Protium spruceanum,supplier_2ry,33.333
Prunus myrtifolia,supplier_2ry,1.667
Pseudima frutescens,supplier_top,5.136
Pseudobombax grandiflorum,supplier_2ry,0.333
Pseudobombax longiflorum,pilot_top,0.333
Pseudobombax longiflorum,supplier_top,3.333
Pseudobombax tomentosum,pilot_top,0.333
Pseudobombax tomentosum,supplier_top,0.333
Psidium cattleyanum,supplier_2ry,8.334
Psidium cattleyanum,supplier_top,27.667
Psidium guajava,pilot_top,100
Psidium guajava,supplier_2ry,15.066
Psidium guajava,supplier_top,91.291
Psidium guineense,supplier_2ry,0.133
Psidium myrtoides,supplier_2ry,0
Psidium sp.,pilot_top,247.655
Pterocarpus rohrii,supplier_2ry,0
Pterocarpus violaceus,supplier_2ry,10
Pterocarpus violaceus,supplier_top,0.333
Pterodon emarginatus,pilot_top,11498.323
Pterodon emarginatus,supplier_2ry,0.003
Pterodon emarginatus,supplier_top,56.667
Pterodon polygalaeflorus,supplier_2ry,3.333
Pterodon polygaliflorus,supplier_2ry,20
Pterodon pubescens,pilot_top,0.666
Pterodon pubescens,supplier_top,0
Pterogyne nitens,supplier_2ry,8.667
Pterogyne nitens,supplier_top,43.667
Qualea grandiflora,pilot_top,7
Qualea grandiflora,supplier_top,45.166
Qualea multiflora,pilot_top,0.333
Qualea multiflora,supplier_top,0
Qualea parviflora,pilot_top,15
Qualea parviflora,supplier_top,31.334
Rapanea ferruginea,supplier_2ry,0.667
Rapanea guianensis,supplier_2ry,0.003
Rhynchospora consanguinea,supplier_top,0.333
Ricinus communis,supplier_top,24.833
Ricinus sp.,supplier_2ry,14.666
Roupala montana,pilot_top,0.333
Rudgea viburnoides,pilot_top,0.333
Sacoglottis mattogrossensis,supplier_2ry,133.333
Salacia elliptica,pilot_top,0.333
Salvertia convalariodora,pilot_top,0.333
Salvertia convallariodora,pilot_top,0.333
Samanea tubulosa,pilot_top,4.286
Samanea tubulosa,supplier_2ry,1.667
Samanea tubulosa,supplier_top,31.634
Sapindus saponaria,pilot_top,58.196
Sapindus saponaria,supplier_2ry,17.667
Schefflera morototoni,pilot_top,3.683
Schefflera morototoni,supplier_2ry,66.67
Schefflera morototoni,supplier_top,16.667
Schefflera vinosa,supplier_2ry,0
Schinopsis brasiliensis,supplier_2ry,0.003
Schinus molle,supplier_2ry,1.333
Schinus terebinthifolia,supplier_2ry,37.002
Schinus terebinthifolia,supplier_top,22.667
Schizachyrium sanguineum,supplier_top,158
Schizolobium parahyba var. amazonicum,pilot_top,25.234
Schizolobium parahyba var. amazonicum,supplier_2ry,0.003
Schizolobium parahyba var. amazonicum,supplier_top,1364.5
Schizolobium parahyba var. parahyba,supplier_2ry,47
Schizolobium parahyba var. parahyba,supplier_top,100
Schjnus terenbentifolius,supplier_2ry,666.667
Sclerolobium denudatum,supplier_top,0.333
Sclerolobium paniculatum,supplier_2ry,1
Seguieria langsdorffii,supplier_top,0
Senegalia mattogrossensis,supplier_top,0.667
Senegalia polymorpha,supplier_2ry,1.333
Senegalia polyphylla,supplier_2ry,13.333
Senegalia polyphylla,supplier_top,178.117
Senegalia sp.,pilot_top,3.333
Senegalia sp.,supplier_top,6.667
Senna alata,pilot_top,45.487
Senna alata,supplier_2ry,37.676
Senna alata,supplier_top,142.334
Senna cf. pendula,supplier_2ry,0.333
Senna macranthera,supplier_2ry,0.667
Senna macranthera,supplier_top,0
Senna multijuga,supplier_2ry,1.333
Senna multijuga,supplier_top,43.967
Senna obtusifolia,supplier_2ry,1
Senna occidentalis,supplier_2ry,0.67
Senna occidentalis,supplier_top,11
Senna rugosa,supplier_2ry,0.003
Senna sp,supplier_top,8.333
Senna sp.,pilot_top,3.333
Senna sp.,supplier_2ry,0.003
Senna sp.,supplier_top,0
Senna spectabilis,supplier_top,40
Sesamum indicum,supplier_2ry,0.003
Sesamum indicum,supplier_top,241.67
Sesbania sesban,supplier_2ry,0
Sesbania virgata,supplier_top,3.333
Simarouba amara,supplier_2ry,40
Simarouba amara,supplier_top,39
Simarouba sp.,supplier_2ry,66.667
Simarouba versicolor,pilot_top,133.666
Simarouba versicolor,supplier_top,60
Siparuna guianesis,pilot_top,0.333
Socrotea exorrhiza,pilot_top,3.333
Socrotea exorrhiza,supplier_top,66.667
Solanum aculeatissimum,supplier_2ry,0
Solanum capsicoides,supplier_top,6.667
Solanum crinitum,supplier_2ry,3.333
Solanum crinitum,supplier_top,61
Solanum delicatulum,supplier_top,10
Solanum granulosoleprosum,supplier_top,1
Solanum lycocarpum,pilot_top,50
Solanum lycocarpum,supplier_2ry,6.67
Solanum lycocarpum,supplier_top,22.9
Solanum mauritianum,supplier_2ry,1
Solanum paniculatum,supplier_2ry,2.333
Solanum paniculatum,supplier_top,16.933
Solanum sp.,supplier_2ry,36.67
Solanum sp.,supplier_top,3.333
Sparattanthelium botocudorum,supplier_2ry,0
Sparattosperma leucanthum,supplier_2ry,0.667
Spondias bahiensis,supplier_2ry,3.333
Spondias dulcis,supplier_2ry,0.667
Spondias mombin,pilot_top,1087.07
Spondias mombin,supplier_2ry,603.336
Spondias mombin,supplier_top,696.633
Spondias sp.,pilot_top,31505
Spondias tuberosa,pilot_top,134.672
Spondias venulosa,supplier_2ry,666.667
Sterculia apetala,pilot_top,3.493
Sterculia apetala,supplier_top,12.333
Sterculia chicha,pilot_top,10.133
Sterculia excelsa,supplier_2ry,0
Sterculia spp.,supplier_2ry,8.333
Sterculia striata,pilot_top,13.233
Sterculia striata,supplier_2ry,0.003
Sterculia striata,supplier_top,256.699
Striphnodendron adstringens,pilot_top,0.333
Strycnos pseudoquina,pilot_top,0.333
Stryphnodendron adstringens,pilot_top,83.666
Stryphnodendron adstringens,supplier_2ry,0.67
Stryphnodendron adstringens,supplier_top,21
Stryphnodendron coriaceum,supplier_2ry,0.003
Stryphnodendron guianense,supplier_2ry,66.667
Stryphnodendron pulcherrimum,pilot_top,0.167
Stryphnodendron pulcherrimum,supplier_top,100
Stryphnodendron rotundifolium,supplier_top,12
Stryphnodendron sp.,supplier_top,100
Stylosanthes¬†Campo¬†Grande,supplier_top,66.667
Styrax camporum,pilot_top,0.333
Swartzia apetala var. apetala,supplier_2ry,0.003
Swartzia corrugata,supplier_2ry,16.667
Swartzia flaemingii,pilot_top,10.433
Swartzia langsdorffii,pilot_top,72173.333
Swartzia langsdorffii,supplier_2ry,2
Swartzia racemosa,supplier_2ry,33.333
Swietenia macrophylla,pilot_top,3.8
Swietenia macrophylla,supplier_2ry,0.336
Swinglea glutinosa,supplier_2ry,1
Swuartizia euxilophora,supplier_2ry,66.667
Syagrus botryophora,pilot_top,25.783
Syagrus flexuosa,supplier_top,4
Syagrus oleracea,pilot_top,3.333
Syagrus oleracea,supplier_top,91.666
Syagrus romanzoffiana,supplier_2ry,23.333
Syagrus romanzoffiana,supplier_top,41.667
Symphonia globulifera,supplier_2ry,0
Tabebuia aurea,pilot_top,13.333
Tabebuia aurea,supplier_2ry,0.003
Tabebuia aurea,supplier_top,139.667
Tabebuia pentaphylla,supplier_2ry,1.5
Tabebuia roseoalba,pilot_top,1.466
Tabebuia roseoalba,supplier_2ry,3
Tabebuia roseoalba,supplier_top,37.467
Tabebuia sp.,supplier_2ry,0.009
Tachigali alba,pilot_top,2.553
Tachigali aurea,pilot_top,714
Tachigali aurea,supplier_top,66.667
Tachigali bracteosa,supplier_top,6.667
Tachigali chrysaloides,supplier_top,20.667
Tachigali multijuga,supplier_2ry,33.333
Tachigali sp.,supplier_2ry,66.667
Tachigali subvelutina,supplier_top,3.333
Tachigali vulgaris,pilot_top,18
Tachigali vulgaris,supplier_2ry,0.003
Tachigali vulgaris,supplier_top,179
Talisia esculenta,pilot_top,24438.666
Talisia longifolia,pilot_top,0.833
Tamarindus indica,pilot_top,3.333
Tamarindus indica,supplier_2ry,18.333
Tamarindus indica,supplier_top,232.234
Tapirira guianensis,pilot_top,0.333
Tapirira guianensis,supplier_2ry,83.336
Tectona grandes,supplier_2ry,3.333
Tephrosia sp,supplier_2ry,3.333
Terminalia argentea,pilot_top,16.667
Terminalia argentea,supplier_2ry,10
Terminalia argentea,supplier_top,137.834
Terminalia corrugata,pilot_top,2942.877
Terminalia corrugata,supplier_2ry,53.334
Terminalia corrugata,supplier_top,322.333
Terminalia fagifolia,supplier_2ry,27.337
Terminalia fagifolia,supplier_top,11.333
Terminalia glabrescens,pilot_top,0.333
Terminalia lucida,supplier_2ry,166.667
Terminalia mantaly,supplier_2ry,0.167
Terminalia parvifolia,pilot_top,0.667
Theobroma cacao,supplier_2ry,3.333
Theobroma grandiflorum,pilot_top,15.783
Theobroma grandiflorum,supplier_2ry,3.333
Theobroma speciosum,pilot_top,0.597
Theobroma speciosum,supplier_2ry,3.333
Thyrsodium spruceanum,supplier_top,1
Tibouchina granulosa,supplier_2ry,10
Tocoyena formosa,pilot_top,0.333
Tomovita brasilienera,pilot_top,0.1
Trachypogon spicatus,supplier_top,154
Trattinnickia rhoifolia,supplier_top,106
Trema micranthum,pilot_top,16.5
Trema micranthum,supplier_2ry,19.004
Trema micranthum,supplier_top,26.5
Trichogonia prancei,supplier_top,6.667
Triplaris americana,supplier_2ry,34.667
Triplaris americana,supplier_top,21
Triplaris brasiliana,supplier_top,5
Triplaris gardneriana,pilot_top,65.633
Triplaris sp.,supplier_2ry,1.667
Unknown,pilot_top,4.749
Vatairea macrocarpa,pilot_top,155.667
Vatairea macrocarpa,supplier_2ry,0.003
Vatairea macrocarpa,supplier_top,49.5
Vernonanthura polyanthes,supplier_2ry,5.707
Vernonanthura polyanthes,supplier_top,158.333
Vernonia scabra,supplier_2ry,0.133
Virola bicuhyba,supplier_2ry,0
Virola oleifera,supplier_2ry,18
Virola sebifera,supplier_2ry,0.003
Virola surinamensis,pilot_top,3.833
Vismia guianensis,pilot_top,0.017
Vismia guianensis,supplier_2ry,10
Vitex cf. panshiniana,pilot_top,0.333
Vitex megapotamica,supplier_top,50.134
Vochysia bifalcata,supplier_top,1.667
Vochysia haenkeana,pilot_top,33.666
Vochysia pyramidalis,pilot_top,0.333
Vochysia rufa,pilot_top,0.333
Vochysia thyrsoidea,supplier_top,0
Vochysia tucanorum,supplier_2ry,3.333
Vouarana guianensis,pilot_top,0.267
Xylopia aromatica,pilot_top,1.333
Xylopia brasiliensis,pilot_top,293.333
Xylopia sericea,supplier_2ry,0
Xyris asperula,supplier_top,12.333
Zanthoxylum ekimanii,supplier_top,12.567
Zanthoxylum rhoifolium,pilot_top,0.033
Zanthoxylum rhoifolium,supplier_2ry,9.333
Zanthoxylum rhoifolium,supplier_top,31.301
Zanthoxylum riedelianum,pilot_top,3.666
Zeyheria montana,supplier_2ry,0.003
Zeyheria montana,supplier_top,0.167
Zeyheria tuberculosa,supplier_2ry,0
Ziziphus joazeiro,pilot_top,12.993